Round,Track,Qualifying,Stint,Lap,"Rear Wing","Front Wing",Engine,Brake,Differential,Suspension,Fuel,"Tyre Remaining","Tyre Choice","Lap Time","Lap Distance",Cornering,Inclines,Camber,Grip,Altitude,Roughness,Width,Temperature,Humidity,"Wind (Avg. Speed)","Wind (Gusts)","Air Density","Air Pressure"
1,Spain,1,0,1,240,51,301,229,301,218,10,100,"Extra Soft",74.2170131,3.8,40,71,0,74,59,78,76,17,60,60,22,94,98
1,Spain,0,1,1,119,73,153,216,271,131,47.603190024267,97.555735030356,Hard,77.2472857,3.8,40,71,0,74,59,78,76,17,60,60,22,94,98
1,Spain,0,1,2,119,73,153,216,271,131,45.206380048534,95.111470060713,Hard,77.610548454056,3.8,40,71,0,74,59,78,76,17,60,60,22,94,98
1,Spain,0,2,1,119,73,153,216,271,131,47.603190024267,94.872138113292,"Extra Soft",76.4486747,3.8,40,71,0,74,59,78,76,17,60,60,22,94,98
1,Spain,0,2,2,119,73,153,216,271,131,45.206380048534,89.744276226585,"Extra Soft",75.601937454056,3.8,40,71,0,74,59,78,76,17,60,60,22,94,98
1,Spain,0,3,1,119,73,153,216,271,131,47.603190024267,96.836311418851,Soft,77.5436747,3.8,40,71,0,74,59,78,76,17,60,60,22,94,98
1,Spain,0,3,2,119,73,153,216,271,131,45.206380048534,93.672622837702,Soft,75.863937454056,3.8,40,71,0,74,59,78,76,17,60,60,22,94,98
1,Spain,0,4,1,121,75,149,218,271,131,47.603190024267,94.872138113292,"Extra Soft",77.3678747,3.8,40,71,0,74,59,78,76,17,60,60,22,94,98
1,Spain,0,4,2,121,75,149,218,271,131,45.206380048534,89.744276226585,"Extra Soft",75.846137454056,3.8,40,71,0,74,59,78,76,17,60,60,22,94,98
1,Spain,0,5,1,86,66,48,156,37,224,47.603190024267,94.872138113292,"Extra Soft",78.9828133,3.8,40,71,0,74,59,78,76,17,60,60,22,94,98
1,Spain,0,6,1,317,234,80,177,145,146,47.603190024267,94.872138113292,"Extra Soft",78.5280373,3.8,40,71,0,74,59,78,76,17,60,60,22,94,98
1,Spain,0,6,2,317,234,80,177,145,146,45.206380048534,89.744276226585,"Extra Soft",78.394300054056,3.8,40,71,0,74,59,78,76,17,60,60,22,94,98
1,Spain,0,7,1,80,101,20,214,199,208,47.603190024267,94.872138113292,"Extra Soft",77.3595747,3.8,40,71,0,74,59,78,76,17,60,60,22,94,98
1,Spain,0,7,2,80,101,20,214,199,208,45.206380048534,89.744276226585,"Extra Soft",78.627837454056,3.8,40,71,0,74,59,78,76,17,60,60,22,94,98
1,Spain,0,7,3,80,101,20,214,199,208,42.809570072801,84.616414339877,"Extra Soft",78.192100208113,3.8,40,71,0,74,59,78,76,17,60,60,22,94,98
1,Spain,0,7,4,80,101,20,214,199,208,40.412760097068,79.488552453169,"Extra Soft",77.976362962169,3.8,40,71,0,74,59,78,76,17,60,60,22,94,98
1,Spain,0,7,5,80,101,20,214,199,208,38.015950121335,74.360690566461,"Extra Soft",77.555625716225,3.8,40,71,0,74,59,78,76,17,60,60,22,94,98
1,Spain,0,7,6,80,101,20,214,199,208,35.619140145602,69.232828679754,"Extra Soft",78.041888470282,3.8,40,71,0,74,59,78,76,17,60,60,22,94,98
1,Spain,0,7,7,80,101,20,214,199,208,33.222330169869,64.104966793046,"Extra Soft",76.655151224338,3.8,40,71,0,74,59,78,76,17,60,60,22,94,98
1,Spain,0,7,8,80,101,20,214,199,208,30.825520194137,58.977104906338,"Extra Soft",77.819413978394,3.8,40,71,0,74,59,78,76,17,60,60,22,94,98
1,Spain,0,7,9,80,101,20,214,199,208,28.428710218404,53.849243019631,"Extra Soft",76.27767673245,3.8,40,71,0,74,59,78,76,17,60,60,22,94,98
1,Spain,0,7,10,80,101,20,214,199,208,26.031900242671,48.721381132923,"Extra Soft",77.574939486507,3.8,40,71,0,74,59,78,76,17,60,60,22,94,98
1,Spain,0,8,1,80,101,20,214,199,208,47.603190024267,94.872138113292,"Extra Soft",77.4145747,3.8,40,71,0,74,59,78,76,17,60,60,22,94,98
1,Spain,0,9,1,240,51,301,229,301,218,47.603190024267,94.872138113292,"Extra Soft",75.9461331,3.8,40,71,0,74,59,78,76,17,60,60,22,94,98
1,Spain,0,10,1,240,51,301,229,301,218,47.603190024267,94.872138113292,"Extra Soft",76.2821331,3.8,40,71,0,74,59,78,76,17,60,60,22,94,98
1,Spain,0,10,2,240,51,301,229,301,218,45.206380048534,89.744276226585,"Extra Soft",76.115395854056,3.8,40,71,0,74,59,78,76,17,60,60,22,94,98
1,Spain,0,11,1,500,500,500,500,500,500,47.603190024267,94.872138113292,"Extra Soft",85.2768867,3.8,40,71,0,74,59,78,76,17,60,60,22,94,98
1,Spain,0,11,2,500,500,500,500,500,500,45.206380048534,89.744276226585,"Extra Soft",85.037149454056,3.8,40,71,0,74,59,78,76,17,60,60,22,94,98
1,Spain,0,11,3,500,500,500,500,500,500,42.809570072801,84.616414339877,"Extra Soft",84.341412208113,3.8,40,71,0,74,59,78,76,17,60,60,22,94,98
1,Spain,0,11,4,500,500,500,500,500,500,40.412760097068,79.488552453169,"Extra Soft",84.061674962169,3.8,40,71,0,74,59,78,76,17,60,60,22,94,98
1,Spain,0,11,5,500,500,500,500,500,500,38.015950121335,74.360690566461,"Extra Soft",83.569937716225,3.8,40,71,0,74,59,78,76,17,60,60,22,94,98
1,Spain,0,11,6,500,500,500,500,500,500,35.619140145602,69.232828679754,"Extra Soft",82.912200470281,3.8,40,71,0,74,59,78,76,17,60,60,22,94,98
1,Spain,0,11,7,500,500,500,500,500,500,33.222330169869,64.104966793046,"Extra Soft",83.771463224338,3.8,40,71,0,74,59,78,76,17,60,60,22,94,98
1,Spain,0,11,8,500,500,500,500,500,500,30.825520194137,58.977104906338,"Extra Soft",82.919725978394,3.8,40,71,0,74,59,78,76,17,60,60,22,94,98
1,Spain,0,11,9,500,500,500,500,500,500,28.428710218404,53.849243019631,"Extra Soft",83.15498873245,3.8,40,71,0,74,59,78,76,17,60,60,22,94,98
1,Spain,0,11,10,500,500,500,500,500,500,26.031900242671,48.721381132923,"Extra Soft",83.588251486507,3.8,40,71,0,74,59,78,76,17,60,60,22,94,98
1,Spain,0,12,1,240,51,301,229,301,218,47.603190024267,94.872138113292,"Extra Soft",76.1101331,3.8,40,71,0,74,59,78,76,17,60,60,22,94,98
1,Spain,0,12,2,240,51,301,229,301,218,45.206380048534,89.744276226585,"Extra Soft",76.562395854056,3.8,40,71,0,74,59,78,76,17,60,60,22,94,98
1,Spain,0,12,3,240,51,301,229,301,218,42.809570072801,84.616414339877,"Extra Soft",77.176658608113,3.8,40,71,0,74,59,78,76,17,60,60,22,94,98
1,Spain,0,12,4,240,51,301,229,301,218,40.412760097068,79.488552453169,"Extra Soft",76.207921362169,3.8,40,71,0,74,59,78,76,17,60,60,22,94,98
1,Spain,0,12,5,240,51,301,229,301,218,38.015950121335,74.360690566461,"Extra Soft",76.522184116225,3.8,40,71,0,74,59,78,76,17,60,60,22,94,98
1,Spain,0,12,6,240,51,301,229,301,218,35.619140145602,69.232828679754,"Extra Soft",77.035446870282,3.8,40,71,0,74,59,78,76,17,60,60,22,94,98
1,Spain,0,12,7,240,51,301,229,301,218,33.222330169869,64.104966793046,"Extra Soft",76.305709624338,3.8,40,71,0,74,59,78,76,17,60,60,22,94,98
1,Spain,0,12,8,240,51,301,229,301,218,30.825520194137,58.977104906338,"Extra Soft",76.720972378394,3.8,40,71,0,74,59,78,76,17,60,60,22,94,98
1,Spain,0,12,9,240,51,301,229,301,218,28.428710218404,53.849243019631,"Extra Soft",76.19423513245,3.8,40,71,0,74,59,78,76,17,60,60,22,94,98
1,Spain,0,12,10,240,51,301,229,301,218,26.031900242671,48.721381132923,"Extra Soft",76.278497886507,3.8,40,71,0,74,59,78,76,17,60,60,22,94,98
1,Spain,0,12,11,240,51,301,229,301,218,23.635090266938,43.593519246215,"Extra Soft",76.120760640563,3.8,40,71,0,74,59,78,76,17,60,60,22,94,98
1,Spain,0,12,12,240,51,301,229,301,218,21.238280291205,38.465657359507,"Extra Soft",75.028023394619,3.8,40,71,0,74,59,78,76,17,60,60,22,94,98
1,Spain,0,12,13,240,51,301,229,301,218,18.841470315472,33.3377954728,"Extra Soft",75.707286148676,3.8,40,71,0,74,59,78,76,17,60,60,22,94,98
1,Spain,0,12,14,240,51,301,229,301,218,16.444660339739,28.209933586092,"Extra Soft",74.084548902732,3.8,40,71,0,74,59,78,76,17,60,60,22,94,98
1,Spain,0,12,15,240,51,301,229,301,218,14.047850364006,23.082071699384,"Extra Soft",74.975811656788,3.8,40,71,0,74,59,78,76,17,60,60,22,94,98
1,Spain,0,12,16,240,51,301,229,301,218,11.651040388273,17.954209812676,"Extra Soft",73.734074410844,3.8,40,71,0,74,59,78,76,17,60,60,22,94,98
1,Spain,0,12,17,240,51,301,229,301,218,9.2542304125401,12.826347925969,"Extra Soft",74.198337164901,3.8,40,71,0,74,59,78,76,17,60,60,22,94,98
1,Spain,0,12,18,240,51,301,229,301,218,6.8574204368072,7.698486039261,"Extra Soft",75.069599918957,3.8,40,71,0,74,59,78,76,17,60,60,22,94,98
1,Spain,0,12,19,240,51,301,229,301,218,4.4606104610742,2.5706241525533,"Extra Soft",73.794862673013,3.8,40,71,0,74,59,78,76,17,60,60,22,94,98
1,Spain,0,13,1,240,51,301,229,301,218,47.603190024267,96.836311418851,Soft,76.3581331,3.8,40,71,0,74,59,78,76,17,60,60,22,94,98
1,Spain,0,13,2,240,51,301,229,301,218,45.206380048534,93.672622837702,Soft,76.662395854056,3.8,40,71,0,74,59,78,76,17,60,60,22,94,98
1,Spain,0,13,3,240,51,301,229,301,218,42.809570072801,90.508934256553,Soft,76.494658608113,3.8,40,71,0,74,59,78,76,17,60,60,22,94,98
1,Spain,0,13,4,240,51,301,229,301,218,40.412760097068,87.345245675404,Soft,77.396921362169,3.8,40,71,0,74,59,78,76,17,60,60,22,94,98
1,Spain,0,13,5,240,51,301,229,301,218,38.015950121335,84.181557094255,Soft,77.620184116225,3.8,40,71,0,74,59,78,76,17,60,60,22,94,98
1,Spain,0,13,6,240,51,301,229,301,218,35.619140145602,81.017868513106,Soft,77.146446870282,3.8,40,71,0,74,59,78,76,17,60,60,22,94,98
1,Spain,0,13,7,240,51,301,229,301,218,33.222330169869,77.854179931957,Soft,77.209709624338,3.8,40,71,0,74,59,78,76,17,60,60,22,94,98
1,Spain,0,13,8,240,51,301,229,301,218,30.825520194137,74.690491350808,Soft,76.524972378394,3.8,40,71,0,74,59,78,76,17,60,60,22,94,98
1,Spain,0,13,9,240,51,301,229,301,218,28.428710218404,71.526802769659,Soft,75.47723513245,3.8,40,71,0,74,59,78,76,17,60,60,22,94,98
1,Spain,0,13,10,240,51,301,229,301,218,26.031900242671,68.363114188511,Soft,76.143497886507,3.8,40,71,0,74,59,78,76,17,60,60,22,94,98
1,Spain,0,13,11,240,51,301,229,301,218,23.635090266938,65.199425607362,Soft,76.674760640563,3.8,40,71,0,74,59,78,76,17,60,60,22,94,98
1,Spain,0,13,12,240,51,301,229,301,218,21.238280291205,62.035737026213,Soft,75.326023394619,3.8,40,71,0,74,59,78,76,17,60,60,22,94,98
1,Spain,0,13,13,240,51,301,229,301,218,18.841470315472,58.872048445064,Soft,75.709286148676,3.8,40,71,0,74,59,78,76,17,60,60,22,94,98
1,Spain,0,13,14,240,51,301,229,301,218,16.444660339739,55.708359863915,Soft,74.826548902732,3.8,40,71,0,74,59,78,76,17,60,60,22,94,98
1,Spain,0,13,15,240,51,301,229,301,218,14.047850364006,52.544671282766,Soft,74.277811656788,3.8,40,71,0,74,59,78,76,17,60,60,22,94,98
1,Spain,0,13,16,240,51,301,229,301,218,11.651040388273,49.380982701617,Soft,75.820074410844,3.8,40,71,0,74,59,78,76,17,60,60,22,94,98
1,Spain,0,13,17,240,51,301,229,301,218,9.2542304125401,46.217294120468,Soft,75.228337164901,3.8,40,71,0,74,59,78,76,17,60,60,22,94,98
1,Spain,0,13,18,240,51,301,229,301,218,6.8574204368072,43.053605539319,Soft,74.368599918957,3.8,40,71,0,74,59,78,76,17,60,60,22,94,98
1,Spain,0,13,19,240,51,301,229,301,218,4.4606104610742,39.88991695817,Soft,74.385862673013,3.8,40,71,0,74,59,78,76,17,60,60,22,94,98
1,Spain,0,13,20,240,51,301,229,301,218,2.0638004853413,36.726228377021,Soft,74.12412542707,3.8,40,71,0,74,59,78,76,17,60,60,22,94,98
1,Spain,0,14,1,119,73,153,216,271,131,47.603190024267,94.872138113292,"Extra Soft",77.0156747,3.8,40,71,0,74,59,78,76,17,60,60,22,94,98
1,Spain,0,14,2,119,73,153,216,271,131,45.206380048534,89.744276226585,"Extra Soft",75.513937454056,3.8,40,71,0,74,59,78,76,17,60,60,22,94,98
1,Spain,0,14,3,119,73,153,216,271,131,42.809570072801,84.616414339877,"Extra Soft",75.205200208113,3.8,40,71,0,74,59,78,76,17,60,60,22,94,98
1,Spain,0,14,4,119,73,153,216,271,131,40.412760097068,79.488552453169,"Extra Soft",75.630462962169,3.8,40,71,0,74,59,78,76,17,60,60,22,94,98
1,Spain,0,14,5,119,73,153,216,271,131,38.015950121335,74.360690566461,"Extra Soft",76.445725716225,3.8,40,71,0,74,59,78,76,17,60,60,22,94,98
1,Spain,0,14,6,119,73,153,216,271,131,35.619140145602,69.232828679754,"Extra Soft",74.655988470281,3.8,40,71,0,74,59,78,76,17,60,60,22,94,98
2,Germany,1,0,1,16,86,82,90,134,102,10,100,"Extra Soft",72.855037767,3.8,33,53,97,96,67,14,25,12,62,22,5,68,55
2,Germany,0,1,1,476,267,12,12,83,273,2.6684172024424,95.805383944246,"Extra Soft",74.441247767,3.8,33,53,97,96,67,14,25,12,62,22,5,68,55
2,Germany,0,2,1,476,267,12,12,83,273,116.66841720244,95.805383944246,"Extra Soft",82.053359767,3.8,33,53,97,96,67,14,25,12,62,22,5,68,55
2,Germany,0,3,1,476,267,12,12,83,273,47.668417202442,95.805383944246,"Extra Soft",78.310107767,3.8,33,53,97,96,67,14,25,12,62,22,5,68,55
2,Germany,0,4,1,398,390,92,298,223,50,47.668417202442,95.805383944246,"Extra Soft",80.606606767,3.8,33,53,97,96,67,14,25,12,62,22,5,68,55
2,Germany,0,5,1,248,87,16,86,140,179,47.668417202442,95.805383944246,"Extra Soft",74.487407767,3.8,33,53,97,96,67,14,25,12,62,22,5,68,55
2,Germany,0,6,1,125,151,68,15,153,292,47.668417202442,95.805383944246,"Extra Soft",74.981303167,3.8,33,53,97,96,67,14,25,12,62,22,5,68,55
2,Germany,0,7,1,125,151,68,15,153,292,47.668417202442,97.727045975639,Hard,76.491914167,3.8,33,53,97,96,67,14,25,12,62,22,5,68,55
2,Germany,0,8,1,318,137,14,76,206,128,47.668417202442,95.805383944246,"Extra Soft",75.700006767,3.8,33,53,97,96,67,14,25,12,62,22,5,68,55
2,Germany,0,9,1,272,142,5,93,84,110,47.668417202442,95.805383944246,"Extra Soft",76.607134567,3.8,33,53,97,96,67,14,25,12,62,22,5,68,55
2,Germany,0,10,1,318,190,18,5,98,128,47.668417202442,95.805383944246,"Extra Soft",75.627034567,3.8,33,53,97,96,67,14,25,12,62,22,5,68,55
2,Germany,0,11,1,122,314,89,32,147,271,47.668417202442,95.805383944246,"Extra Soft",76.128203167,3.8,33,53,97,96,67,14,25,12,62,22,5,68,55
2,Germany,0,12,1,248,87,16,86,140,179,47.668417202442,95.805383944246,"Extra Soft",74.769407767,3.8,33,53,97,96,67,14,25,12,62,22,5,68,55
2,Germany,0,13,1,317,116,434,133,77,340,47.668417202442,95.805383944246,"Extra Soft",78.554307767,3.8,33,53,97,96,67,14,25,12,62,22,5,68,55
2,Germany,0,14,1,317,116,434,133,77,340,47.668417202442,95.805383944246,"Extra Soft",79.852307767,3.8,33,53,97,96,67,14,25,12,62,22,5,68,55
2,Germany,0,15,1,456,115,1,1,1,362,47.668417202442,95.805383944246,"Extra Soft",76.658583733,3.8,33,53,97,96,67,14,25,12,62,22,5,68,55
2,Germany,0,16,1,395,410,313,1,135,363,47.668417202442,95.805383944246,"Extra Soft",79.983107767,3.8,33,53,97,96,67,14,25,12,62,22,5,68,55
2,Germany,0,17,1,304,279,74,57,21,223,47.668417202442,95.805383944246,"Extra Soft",78.230407767,3.8,33,53,97,96,67,14,25,12,62,22,5,68,55
2,Germany,0,18,1,16,86,82,90,134,102,47.668417202442,95.805383944246,"Extra Soft",75.834657767,3.8,33,53,97,96,67,14,25,12,62,22,5,68,55
2,Germany,0,19,1,16,86,82,90,134,102,47.668417202442,95.805383944246,"Extra Soft",75.123657767,3.8,33,53,97,96,67,14,25,12,62,22,5,68,55
2,Germany,0,20,1,16,86,82,90,134,102,47.668417202442,95.805383944246,"Extra Soft",75.277657767,3.8,33,53,97,96,67,14,25,12,62,22,5,68,55
2,Germany,0,21,1,16,86,82,90,134,102,47.668417202442,95.805383944246,"Extra Soft",74.596657767,3.8,33,53,97,96,67,14,25,12,62,22,5,68,55
2,Germany,0,22,1,16,86,82,90,134,102,47.668417202442,95.805383944246,"Extra Soft",75.198657767,3.8,33,53,97,96,67,14,25,12,62,22,5,68,55
2,Germany,0,22,2,16,86,82,90,134,102,45.336834404885,91.610767888492,"Extra Soft",74.540049923252,3.8,33,53,97,96,67,14,25,12,62,22,5,68,55
2,Germany,0,22,3,16,86,82,90,134,102,43.005251607327,87.416151832738,"Extra Soft",75.148442079504,3.8,33,53,97,96,67,14,25,12,62,22,5,68,55
2,Germany,0,22,4,16,86,82,90,134,102,40.67366880977,83.221535776984,"Extra Soft",74.195834235757,3.8,33,53,97,96,67,14,25,12,62,22,5,68,55
2,Germany,0,22,5,16,86,82,90,134,102,38.342086012212,79.02691972123,"Extra Soft",75.634226392009,3.8,33,53,97,96,67,14,25,12,62,22,5,68,55
2,Germany,0,22,6,16,86,82,90,134,102,36.010503214654,74.832303665476,"Extra Soft",73.800618548261,3.8,33,53,97,96,67,14,25,12,62,22,5,68,55
2,Germany,0,22,7,16,86,82,90,134,102,33.678920417097,70.637687609722,"Extra Soft",73.835010704513,3.8,33,53,97,96,67,14,25,12,62,22,5,68,55
2,Germany,0,22,8,16,86,82,90,134,102,31.347337619539,66.443071553968,"Extra Soft",74.404402860766,3.8,33,53,97,96,67,14,25,12,62,22,5,68,55
2,Germany,0,22,9,16,86,82,90,134,102,29.015754821981,62.248455498214,"Extra Soft",74.993795017018,3.8,33,53,97,96,67,14,25,12,62,22,5,68,55
2,Germany,0,23,1,16,397,399,179,29,184,47.668417202442,95.805383944246,"Extra Soft",79.802930967,3.8,33,53,97,96,67,14,25,12,62,22,5,68,55
2,Germany,0,23,2,16,397,399,179,29,184,45.336834404885,91.610767888492,"Extra Soft",79.395323123252,3.8,33,53,97,96,67,14,25,12,62,22,5,68,55
2,Germany,0,24,1,16,86,82,90,134,102,42.668417202442,95.805383944246,"Extra Soft",74.425117767,3.8,33,53,97,96,67,14,25,12,62,22,5,68,55
2,Germany,0,24,2,16,86,82,90,134,102,40.336834404885,91.610767888492,"Extra Soft",74.190509923252,3.8,33,53,97,96,67,14,25,12,62,22,5,68,55
2,Germany,0,24,3,16,86,82,90,134,102,38.005251607327,87.416151832738,"Extra Soft",75.063902079504,3.8,33,53,97,96,67,14,25,12,62,22,5,68,55
2,Germany,0,24,4,16,86,82,90,134,102,35.67366880977,83.221535776984,"Extra Soft",75.159294235757,3.8,33,53,97,96,67,14,25,12,62,22,5,68,55
2,Germany,0,24,5,16,86,82,90,134,102,33.342086012212,79.02691972123,"Extra Soft",74.533686392009,3.8,33,53,97,96,67,14,25,12,62,22,5,68,55
2,Germany,0,24,6,16,86,82,90,134,102,31.010503214654,74.832303665476,"Extra Soft",74.991078548261,3.8,33,53,97,96,67,14,25,12,62,22,5,68,55
2,Germany,0,24,7,16,86,82,90,134,102,28.678920417097,70.637687609722,"Extra Soft",74.676470704513,3.8,33,53,97,96,67,14,25,12,62,22,5,68,55
2,Germany,0,24,8,16,86,82,90,134,102,26.347337619539,66.443071553968,"Extra Soft",73.682862860766,3.8,33,53,97,96,67,14,25,12,62,22,5,68,55
2,Germany,0,24,9,16,86,82,90,134,102,24.015754821981,62.248455498214,"Extra Soft",73.842255017018,3.8,33,53,97,96,67,14,25,12,62,22,5,68,55
2,Germany,0,24,10,16,86,82,90,134,102,21.684172024424,58.05383944246,"Extra Soft",73.79664717327,3.8,33,53,97,96,67,14,25,12,62,22,5,68,55
2,Germany,0,24,11,16,86,82,90,134,102,19.352589226866,53.859223386707,"Extra Soft",73.632039329522,3.8,33,53,97,96,67,14,25,12,62,22,5,68,55
2,Germany,0,24,12,16,86,82,90,134,102,17.021006429309,49.664607330953,"Extra Soft",73.060431485774,3.8,33,53,97,96,67,14,25,12,62,22,5,68,55
2,Germany,0,24,13,16,86,82,90,134,102,14.689423631751,45.469991275199,"Extra Soft",72.662823642027,3.8,33,53,97,96,67,14,25,12,62,22,5,68,55
2,Germany,0,24,14,16,86,82,90,134,102,12.357840834193,41.275375219445,"Extra Soft",73.286215798279,3.8,33,53,97,96,67,14,25,12,62,22,5,68,55
2,Germany,0,24,15,16,86,82,90,134,102,10.026258036636,37.080759163691,"Extra Soft",72.414607954531,3.8,33,53,97,96,67,14,25,12,62,22,5,68,55
2,Germany,0,24,16,16,86,82,90,134,102,7.6946752390782,32.886143107937,"Extra Soft",72.775000110783,3.8,33,53,97,96,67,14,25,12,62,22,5,68,55
2,Germany,0,24,17,16,86,82,90,134,102,5.3630924415206,28.691527052183,"Extra Soft",72.271392267036,3.8,33,53,97,96,67,14,25,12,62,22,5,68,55
2,Germany,0,24,18,16,86,82,90,134,102,3.031509643963,24.496910996429,"Extra Soft",72.107784423288,3.8,33,53,97,96,67,14,25,12,62,22,5,68,55
2,Germany,0,25,1,240,51,301,229,301,218,42.668417202442,95.805383944246,"Extra Soft",77.388626267,3.8,33,53,97,96,67,14,25,12,62,22,5,68,55
2,Germany,0,25,2,240,51,301,229,301,218,40.336834404885,91.610767888492,"Extra Soft",77.555018423252,3.8,33,53,97,96,67,14,25,12,62,22,5,68,55
2,Germany,0,26,1,16,86,82,90,134,102,47.668417202442,97.186963024554,Soft,76.650657767,3.8,33,53,97,96,67,14,25,12,62,22,5,68,55
2,Germany,0,26,2,16,86,82,90,134,102,45.336834404885,94.373926049107,Soft,75.418049923252,3.8,33,53,97,96,67,14,25,12,62,22,5,68,55
2,Germany,0,26,3,16,86,82,90,134,102,43.005251607327,91.560889073661,Soft,75.997442079504,3.8,33,53,97,96,67,14,25,12,62,22,5,68,55
2,Germany,0,26,4,16,86,82,90,134,102,40.67366880977,88.747852098215,Soft,75.041834235757,3.8,33,53,97,96,67,14,25,12,62,22,5,68,55
2,Germany,0,26,5,16,86,82,90,134,102,38.342086012212,85.934815122768,Soft,75.362226392009,3.8,33,53,97,96,67,14,25,12,62,22,5,68,55
2,Germany,0,26,6,16,86,82,90,134,102,36.010503214654,83.121778147322,Soft,75.542618548261,3.8,33,53,97,96,67,14,25,12,62,22,5,68,55
2,Germany,0,26,7,16,86,82,90,134,102,33.678920417097,80.308741171876,Soft,75.700010704513,3.8,33,53,97,96,67,14,25,12,62,22,5,68,55
2,Germany,0,26,8,16,86,82,90,134,102,31.347337619539,77.495704196429,Soft,74.702402860766,3.8,33,53,97,96,67,14,25,12,62,22,5,68,55
2,Germany,0,27,1,16,86,82,90,134,102,53.668417202442,95.805383944246,"Extra Soft",76.612505767,3.8,33,53,97,96,67,14,25,12,62,22,5,68,55
2,Germany,0,27,2,16,86,82,90,134,102,51.336834404885,91.610767888492,"Extra Soft",74.710897923252,3.8,33,53,97,96,67,14,25,12,62,22,5,68,55
2,Germany,0,27,3,16,86,82,90,134,102,49.005251607327,87.416151832738,"Extra Soft",74.598290079504,3.8,33,53,97,96,67,14,25,12,62,22,5,68,55
2,Germany,0,27,4,16,86,82,90,134,102,46.67366880977,83.221535776984,"Extra Soft",74.792682235757,3.8,33,53,97,96,67,14,25,12,62,22,5,68,55
2,Germany,0,27,5,16,86,82,90,134,102,44.342086012212,79.02691972123,"Extra Soft",74.242074392009,3.8,33,53,97,96,67,14,25,12,62,22,5,68,55
2,Germany,0,27,6,16,86,82,90,134,102,42.010503214654,74.832303665476,"Extra Soft",75.878466548261,3.8,33,53,97,96,67,14,25,12,62,22,5,68,55
2,Germany,0,27,7,16,86,82,90,134,102,39.678920417097,70.637687609722,"Extra Soft",74.101858704513,3.8,33,53,97,96,67,14,25,12,62,22,5,68,55
2,Germany,0,27,8,16,86,82,90,134,102,37.347337619539,66.443071553968,"Extra Soft",75.217250860766,3.8,33,53,97,96,67,14,25,12,62,22,5,68,55
2,Germany,0,27,9,16,86,82,90,134,102,35.015754821981,62.248455498214,"Extra Soft",73.849643017018,3.8,33,53,97,96,67,14,25,12,62,22,5,68,55
2,Germany,0,27,10,16,86,82,90,134,102,32.684172024424,58.05383944246,"Extra Soft",74.57703517327,3.8,33,53,97,96,67,14,25,12,62,22,5,68,55
2,Germany,0,27,11,16,86,82,90,134,102,30.352589226866,53.859223386707,"Extra Soft",74.931427329522,3.8,33,53,97,96,67,14,25,12,62,22,5,68,55
2,Germany,0,27,12,16,86,82,90,134,102,28.021006429309,49.664607330953,"Extra Soft",73.972819485774,3.8,33,53,97,96,67,14,25,12,62,22,5,68,55
2,Germany,0,27,13,16,86,82,90,134,102,25.689423631751,45.469991275199,"Extra Soft",73.177211642027,3.8,33,53,97,96,67,14,25,12,62,22,5,68,55
2,Germany,0,27,14,16,86,82,90,134,102,23.357840834193,41.275375219445,"Extra Soft",73.100603798279,3.8,33,53,97,96,67,14,25,12,62,22,5,68,55
2,Germany,0,27,15,16,86,82,90,134,102,21.026258036636,37.080759163691,"Extra Soft",73.276995954531,3.8,33,53,97,96,67,14,25,12,62,22,5,68,55
2,Germany,0,27,16,16,86,82,90,134,102,18.694675239078,32.886143107937,"Extra Soft",73.959388110783,3.8,33,53,97,96,67,14,25,12,62,22,5,68,55
2,Germany,0,27,17,16,86,82,90,134,102,16.363092441521,28.691527052183,"Extra Soft",73.905780267036,3.8,33,53,97,96,67,14,25,12,62,22,5,68,55
2,Germany,0,27,18,16,86,82,90,134,102,14.031509643963,24.496910996429,"Extra Soft",73.459172423288,3.8,33,53,97,96,67,14,25,12,62,22,5,68,55
2,Germany,0,27,19,16,86,82,90,134,102,11.699926846405,20.302294940675,"Extra Soft",73.31656457954,3.8,33,53,97,96,67,14,25,12,62,22,5,68,55
2,Germany,0,27,20,16,86,82,90,134,102,9.3683440488477,16.107678884921,"Extra Soft",72.309956735792,3.8,33,53,97,96,67,14,25,12,62,22,5,68,55
3,Netherlands,1,0,1,393,161,56,12,3,111,10,100,"Extra Soft",61.20260544,3.2,10,38,37,12,3,69,84,6,54,24,34,48,39
3,Netherlands,0,1,1,393,161,56,12,3,110,48.26222478569,97.259977918847,"Extra Soft",62.42968544,3.2,10,38,37,12,3,69,84,6,54,24,34,48,39
3,Netherlands,0,1,2,393,161,56,12,3,110,46.52444957138,94.519955837694,"Extra Soft",63.173041167775,3.2,10,38,37,12,3,69,84,6,54,24,34,48,39
3,Netherlands,0,2,1,393,161,56,12,3,110,48.26222478569,98.294737378365,Hard,63.55098944,3.2,10,38,37,12,3,69,84,6,54,24,34,48,39
3,Netherlands,0,2,2,393,161,56,12,3,110,46.52444957138,96.589474756731,Hard,64.445345167775,3.2,10,38,37,12,3,69,84,6,54,24,34,48,39
3,Netherlands,0,3,1,328,178,40,94,24,269,48.26222478569,97.259977918847,"Extra Soft",63.8660096,3.2,10,38,37,12,3,69,84,6,54,24,34,48,39
3,Netherlands,0,3,2,328,178,40,94,24,269,46.52444957138,94.519955837694,"Extra Soft",64.517365327775,3.2,10,38,37,12,3,69,84,6,54,24,34,48,39
3,Netherlands,0,4,1,165,38,20,164,14,132,48.26222478569,97.259977918847,"Extra Soft",64.6848096,3.2,10,38,37,12,3,69,84,6,54,24,34,48,39
3,Netherlands,0,4,2,165,38,20,164,14,132,46.52444957138,94.519955837694,"Extra Soft",64.320165327775,3.2,10,38,37,12,3,69,84,6,54,24,34,48,39
3,Netherlands,0,5,1,165,38,20,164,14,132,48.26222478569,97.259977918847,"Extra Soft",64.7318096,3.2,10,38,37,12,3,69,84,6,54,24,34,48,39
3,Netherlands,0,6,1,165,38,20,164,14,132,48.26222478569,97.259977918847,"Extra Soft",64.0578096,3.2,10,38,37,12,3,69,84,6,54,24,34,48,39
3,Netherlands,0,7,1,300,67,27,99,2,406,48.26222478569,97.259977918847,"Extra Soft",63.7762096,3.2,10,38,37,12,3,69,84,6,54,24,34,48,39
3,Netherlands,0,8,1,300,67,27,99,2,406,48.26222478569,97.259977918847,"Extra Soft",64.8672096,3.2,10,38,37,12,3,69,84,6,54,24,34,48,39
3,Netherlands,0,9,1,16,408,285,90,134,2,48.26222478569,97.259977918847,"Extra Soft",67.61915136,3.2,10,38,37,12,3,69,84,6,54,24,34,48,39
3,Netherlands,0,10,1,212,38,20,164,14,133,48.26222478569,97.259977918847,"Extra Soft",63.8010096,3.2,10,38,37,12,3,69,84,6,54,24,34,48,39
3,Netherlands,0,11,1,300,67,27,99,2,406,48.26222478569,97.259977918847,"Extra Soft",64.9332096,3.2,10,38,37,12,3,69,84,6,54,24,34,48,39
3,Netherlands,0,12,1,284,55,5,183,30,178,48.26222478569,97.259977918847,"Extra Soft",63.0130096,3.2,10,38,37,12,3,69,84,6,54,24,34,48,39
3,Netherlands,0,13,1,284,55,5,183,30,178,48.26222478569,97.259977918847,"Extra Soft",64.1730096,3.2,10,38,37,12,3,69,84,6,54,24,34,48,39
3,Netherlands,0,14,1,445,260,2,29,115,77,48.26222478569,97.259977918847,"Extra Soft",64.5811984,3.2,10,38,37,12,3,69,84,6,54,24,34,48,39
3,Netherlands,0,15,1,455,289,52,183,119,120,48.26222478569,97.259977918847,"Extra Soft",65.0171984,3.2,10,38,37,12,3,69,84,6,54,24,34,48,39
3,Netherlands,0,16,1,393,161,56,12,3,111,48.26222478569,97.259977918847,"Extra Soft",62.73448544,3.2,10,38,37,12,3,69,84,6,54,24,34,48,39
3,Netherlands,0,17,1,393,161,56,12,3,111,48.26222478569,97.259977918847,"Extra Soft",62.44848544,3.2,10,38,37,12,3,69,84,6,54,24,34,48,39
3,Netherlands,0,18,1,394,349,53,279,9,85,48.26222478569,97.259977918847,"Extra Soft",65.1979984,3.2,10,38,37,12,3,69,84,6,54,24,34,48,39
3,Netherlands,0,19,1,300,67,27,99,2,406,48.26222478569,97.259977918847,"Extra Soft",64.6722096,3.2,10,38,37,12,3,69,84,6,54,24,34,48,39
3,Netherlands,0,20,1,393,161,56,12,3,110,62.26222478569,97.259977918847,"Extra Soft",63.80405344,3.2,10,38,37,12,3,69,84,6,54,24,34,48,39
3,Netherlands,0,20,2,393,161,56,12,3,110,60.52444957138,94.519955837694,"Extra Soft",64.595409167775,3.2,10,38,37,12,3,69,84,6,54,24,34,48,39
3,Netherlands,0,20,3,393,161,56,12,3,110,58.78667435707,91.779933756541,"Extra Soft",64.086764895549,3.2,10,38,37,12,3,69,84,6,54,24,34,48,39
3,Netherlands,0,20,4,393,161,56,12,3,110,57.048899142759,89.039911675388,"Extra Soft",63.788120623324,3.2,10,38,37,12,3,69,84,6,54,24,34,48,39
3,Netherlands,0,20,5,393,161,56,12,3,110,55.311123928449,86.299889594235,"Extra Soft",64.489476351099,3.2,10,38,37,12,3,69,84,6,54,24,34,48,39
3,Netherlands,0,21,1,393,161,56,12,3,110,48.26222478569,97.259977918847,"Extra Soft",63.14968544,3.2,10,38,37,12,3,69,84,6,54,24,34,48,39
3,Netherlands,0,21,2,393,161,56,12,3,110,46.52444957138,94.519955837694,"Extra Soft",62.700041167775,3.2,10,38,37,12,3,69,84,6,54,24,34,48,39
3,Netherlands,0,21,3,393,161,56,12,3,110,44.78667435707,91.779933756541,"Extra Soft",62.362396895549,3.2,10,38,37,12,3,69,84,6,54,24,34,48,39
3,Netherlands,0,21,4,393,161,56,12,3,110,43.048899142759,89.039911675388,"Extra Soft",62.994752623324,3.2,10,38,37,12,3,69,84,6,54,24,34,48,39
3,Netherlands,0,21,5,393,161,56,12,3,110,41.311123928449,86.299889594235,"Extra Soft",63.727108351099,3.2,10,38,37,12,3,69,84,6,54,24,34,48,39
3,Netherlands,0,22,1,393,161,56,12,3,110,38.26222478569,97.259977918847,"Extra Soft",62.46556544,3.2,10,38,37,12,3,69,84,6,54,24,34,48,39
3,Netherlands,0,22,2,393,161,56,12,3,110,36.52444957138,94.519955837694,"Extra Soft",62.013921167775,3.2,10,38,37,12,3,69,84,6,54,24,34,48,39
3,Netherlands,0,22,3,393,161,56,12,3,110,34.78667435707,91.779933756541,"Extra Soft",62.427276895549,3.2,10,38,37,12,3,69,84,6,54,24,34,48,39
3,Netherlands,0,22,4,393,161,56,12,3,110,33.048899142759,89.039911675388,"Extra Soft",63.355632623324,3.2,10,38,37,12,3,69,84,6,54,24,34,48,39
3,Netherlands,0,22,5,393,161,56,12,3,110,31.311123928449,86.299889594235,"Extra Soft",61.882988351099,3.2,10,38,37,12,3,69,84,6,54,24,34,48,39
3,Netherlands,0,23,1,393,161,56,12,3,110,38.26222478569,97.99325709299,Soft,62.34256544,3.2,10,38,37,12,3,69,84,6,54,24,34,48,39
3,Netherlands,0,23,2,393,161,56,12,3,110,36.52444957138,95.986514185979,Soft,62.692921167775,3.2,10,38,37,12,3,69,84,6,54,24,34,48,39
3,Netherlands,0,23,3,393,161,56,12,3,110,34.78667435707,93.979771278969,Soft,63.910276895549,3.2,10,38,37,12,3,69,84,6,54,24,34,48,39
3,Netherlands,0,23,4,393,161,56,12,3,110,33.048899142759,91.973028371958,Soft,62.306632623324,3.2,10,38,37,12,3,69,84,6,54,24,34,48,39
3,Netherlands,0,23,5,393,161,56,12,3,110,31.311123928449,89.966285464948,Soft,63.090988351099,3.2,10,38,37,12,3,69,84,6,54,24,34,48,39
3,Netherlands,0,24,1,393,161,56,12,3,110,38.26222478569,97.259977918847,"Extra Soft",63.33656544,3.2,10,38,37,12,3,69,84,6,54,24,34,48,39
3,Netherlands,0,24,2,393,161,56,12,3,110,36.52444957138,94.519955837694,"Extra Soft",62.263921167775,3.2,10,38,37,12,3,69,84,6,54,24,34,48,39
3,Netherlands,0,24,3,393,161,56,12,3,110,34.78667435707,91.779933756541,"Extra Soft",63.451276895549,3.2,10,38,37,12,3,69,84,6,54,24,34,48,39
3,Netherlands,0,24,4,393,161,56,12,3,110,33.048899142759,89.039911675388,"Extra Soft",62.021632623324,3.2,10,38,37,12,3,69,84,6,54,24,34,48,39
3,Netherlands,0,24,5,393,161,56,12,3,110,31.311123928449,86.299889594235,"Extra Soft",61.473988351099,3.2,10,38,37,12,3,69,84,6,54,24,34,48,39
3,Netherlands,0,24,6,393,161,56,12,3,110,29.573348714139,83.559867513082,"Extra Soft",63.198344078873,3.2,10,38,37,12,3,69,84,6,54,24,34,48,39
3,Netherlands,0,24,7,393,161,56,12,3,110,27.835573499829,80.819845431929,"Extra Soft",63.087699806648,3.2,10,38,37,12,3,69,84,6,54,24,34,48,39
3,Netherlands,0,24,8,393,161,56,12,3,110,26.097798285519,78.079823350776,"Extra Soft",61.794055534423,3.2,10,38,37,12,3,69,84,6,54,24,34,48,39
3,Netherlands,0,24,9,393,161,56,12,3,110,24.360023071209,75.339801269624,"Extra Soft",61.777411262198,3.2,10,38,37,12,3,69,84,6,54,24,34,48,39
3,Netherlands,0,24,10,393,161,56,12,3,110,22.622247856898,72.599779188471,"Extra Soft",61.785766989972,3.2,10,38,37,12,3,69,84,6,54,24,34,48,39
3,Netherlands,0,25,1,393,161,56,12,3,111,38.26222478569,97.259977918847,"Extra Soft",62.96436544,3.2,10,38,37,12,3,69,84,6,54,24,34,48,39
3,Netherlands,0,25,2,393,161,56,12,3,111,36.52444957138,94.519955837694,"Extra Soft",62.721721167775,3.2,10,38,37,12,3,69,84,6,54,24,34,48,39
3,Netherlands,0,25,3,393,161,56,12,3,111,34.78667435707,91.779933756541,"Extra Soft",62.411076895549,3.2,10,38,37,12,3,69,84,6,54,24,34,48,39
3,Netherlands,0,25,4,393,161,56,12,3,111,33.048899142759,89.039911675388,"Extra Soft",62.299432623324,3.2,10,38,37,12,3,69,84,6,54,24,34,48,39
3,Netherlands,0,25,5,393,161,56,12,3,111,31.311123928449,86.299889594235,"Extra Soft",61.779788351099,3.2,10,38,37,12,3,69,84,6,54,24,34,48,39
3,Netherlands,0,25,6,393,161,56,12,3,111,29.573348714139,83.559867513082,"Extra Soft",61.524144078873,3.2,10,38,37,12,3,69,84,6,54,24,34,48,39
3,Netherlands,0,25,7,393,161,56,12,3,111,27.835573499829,80.819845431929,"Extra Soft",62.064499806648,3.2,10,38,37,12,3,69,84,6,54,24,34,48,39
3,Netherlands,0,26,1,393,161,56,12,3,111,55.26222478569,97.259977918847,"Extra Soft",64.21566944,3.2,10,38,37,12,3,69,84,6,54,24,34,48,39
3,Netherlands,0,26,2,393,161,56,12,3,111,53.52444957138,94.519955837694,"Extra Soft",64.032025167775,3.2,10,38,37,12,3,69,84,6,54,24,34,48,39
3,Netherlands,0,26,3,393,161,56,12,3,111,51.78667435707,91.779933756541,"Extra Soft",63.253380895549,3.2,10,38,37,12,3,69,84,6,54,24,34,48,39
3,Netherlands,0,26,4,393,161,56,12,3,111,50.048899142759,89.039911675388,"Extra Soft",62.538736623324,3.2,10,38,37,12,3,69,84,6,54,24,34,48,39
3,Netherlands,0,26,5,393,161,56,12,3,111,48.311123928449,86.299889594235,"Extra Soft",64.039092351099,3.2,10,38,37,12,3,69,84,6,54,24,34,48,39
3,Netherlands,0,26,6,393,161,56,12,3,111,46.573348714139,83.559867513082,"Extra Soft",63.482448078873,3.2,10,38,37,12,3,69,84,6,54,24,34,48,39
3,Netherlands,0,26,7,393,161,56,12,3,111,44.835573499829,80.819845431929,"Extra Soft",63.844803806648,3.2,10,38,37,12,3,69,84,6,54,24,34,48,39
3,Netherlands,0,26,8,393,161,56,12,3,111,43.097798285519,78.079823350776,"Extra Soft",63.940159534423,3.2,10,38,37,12,3,69,84,6,54,24,34,48,39
3,Netherlands,0,26,9,393,161,56,12,3,111,41.360023071209,75.339801269624,"Extra Soft",62.619515262198,3.2,10,38,37,12,3,69,84,6,54,24,34,48,39
3,Netherlands,0,26,10,393,161,56,12,3,111,39.622247856898,72.599779188471,"Extra Soft",63.759870989972,3.2,10,38,37,12,3,69,84,6,54,24,34,48,39
4,Japan,1,0,1,470,398,1,50,27,57,10,100,"Extra Soft",85.7591393225,4.5,77,97,21,60,21,22,46,0,46,6,51,59,77
4,Japan,0,1,1,447,328,18,180,404,32,47.005026895303,95.700527401972,"Extra Soft",90.9245818225,4.5,77,97,21,60,21,22,46,0,46,6,51,59,77
4,Japan,0,1,2,447,328,18,180,404,32,44.010053790605,91.401054803944,"Extra Soft",89.270048688841,4.5,77,97,21,60,21,22,46,0,46,6,51,59,77
4,Japan,0,2,1,447,328,18,180,404,32,47.005026895303,97.349932570507,Hard,90.4743843225,4.5,77,97,21,60,21,22,46,0,46,6,51,59,77
4,Japan,0,2,2,447,328,18,180,404,32,44.010053790605,94.699865141013,Hard,90.368851188841,4.5,77,97,21,60,21,22,46,0,46,6,51,59,77
4,Japan,0,3,1,447,328,18,180,404,32,47.005026895303,96.907662811553,Soft,91.5080818225,4.5,77,97,21,60,21,22,46,0,46,6,51,59,77
4,Japan,0,3,2,447,328,18,180,404,32,44.010053790605,93.815325623106,Soft,90.677548688841,4.5,77,97,21,60,21,22,46,0,46,6,51,59,77
4,Japan,0,4,1,447,328,18,180,404,32,47.005026895303,97.240838049456,Medium,90.7295493225,4.5,77,97,21,60,21,22,46,0,46,6,51,59,77
4,Japan,0,4,2,447,328,18,180,404,32,44.010053790605,94.481676098913,Medium,91.170016188841,4.5,77,97,21,60,21,22,46,0,46,6,51,59,77
4,Japan,0,5,1,447,328,18,180,403,32,47.005026895303,95.700527401972,"Extra Soft",89.8488318225,4.5,77,97,21,60,21,22,46,0,46,6,51,59,77
4,Japan,0,5,2,447,328,18,180,403,32,44.010053790605,91.401054803944,"Extra Soft",90.743298688841,4.5,77,97,21,60,21,22,46,0,46,6,51,59,77
4,Japan,0,6,1,394,251,26,1,1,157,47.005026895303,95.700527401972,"Extra Soft",90.8131526775,4.5,77,97,21,60,21,22,46,0,46,6,51,59,77
4,Japan,0,7,1,300,230,27,99,2,13,47.005026895303,95.700527401972,"Extra Soft",90.5348238225,4.5,77,97,21,60,21,22,46,0,46,6,51,59,77
4,Japan,0,8,1,300,230,27,99,2,13,47.005026895303,95.700527401972,"Extra Soft",91.7188238225,4.5,77,97,21,60,21,22,46,0,46,6,51,59,77
4,Japan,0,8,2,300,230,27,99,2,13,44.010053790605,91.401054803944,"Extra Soft",90.415290688841,4.5,77,97,21,60,21,22,46,0,46,6,51,59,77
4,Japan,0,9,1,300,230,27,99,1,13,47.005026895303,95.700527401972,"Extra Soft",91.3785738225,4.5,77,97,21,60,21,22,46,0,46,6,51,59,77
4,Japan,0,10,1,466,393,6,52,26,56,47.005026895303,95.700527401972,"Extra Soft",87.9521393225,4.5,77,97,21,60,21,22,46,0,46,6,51,59,77
4,Japan,0,11,1,469,394,1,51,27,60,47.005026895303,95.700527401972,"Extra Soft",89.6758893225,4.5,77,97,21,60,21,22,46,0,46,6,51,59,77
4,Japan,0,12,1,471,394,8,55,27,59,47.005026895303,95.700527401972,"Extra Soft",88.6568893225,4.5,77,97,21,60,21,22,46,0,46,6,51,59,77
4,Japan,0,13,1,446,323,2,51,25,55,47.005026895303,95.700527401972,"Extra Soft",89.4910738225,4.5,77,97,21,60,21,22,46,0,46,6,51,59,77
4,Japan,0,14,1,446,323,2,51,25,55,47.005026895303,95.700527401972,"Extra Soft",89.3920738225,4.5,77,97,21,60,21,22,46,0,46,6,51,59,77
4,Japan,0,14,2,446,323,2,51,25,55,44.010053790605,91.401054803944,"Extra Soft",89.519540688841,4.5,77,97,21,60,21,22,46,0,46,6,51,59,77
4,Japan,0,15,1,465,456,15,332,496,67,47.005026895303,95.700527401972,"Extra Soft",91.8838973225,4.5,77,97,21,60,21,22,46,0,46,6,51,59,77
4,Japan,0,16,1,300,341,27,99,2,90,47.005026895303,95.700527401972,"Extra Soft",91.5103238225,4.5,77,97,21,60,21,22,46,0,46,6,51,59,77
4,Japan,0,16,2,300,341,27,99,2,90,44.010053790605,91.401054803944,"Extra Soft",91.092790688841,4.5,77,97,21,60,21,22,46,0,46,6,51,59,77
4,Japan,0,16,3,300,341,27,99,2,90,41.015080685908,87.101582205916,"Extra Soft",90.321257555182,4.5,77,97,21,60,21,22,46,0,46,6,51,59,77
4,Japan,0,16,4,300,341,27,99,2,90,38.020107581211,82.802109607888,"Extra Soft",89.353724421523,4.5,77,97,21,60,21,22,46,0,46,6,51,59,77
4,Japan,0,16,5,300,341,27,99,2,90,35.025134476513,78.50263700986,"Extra Soft",89.778191287863,4.5,77,97,21,60,21,22,46,0,46,6,51,59,77
4,Japan,0,16,6,300,341,27,99,2,90,32.030161371816,74.203164411832,"Extra Soft",90.453658154204,4.5,77,97,21,60,21,22,46,0,46,6,51,59,77
4,Japan,0,16,7,300,341,27,99,2,90,29.035188267119,69.903691813804,"Extra Soft",89.147125020545,4.5,77,97,21,60,21,22,46,0,46,6,51,59,77
4,Japan,0,16,8,300,341,27,99,2,90,26.040215162421,65.604219215776,"Extra Soft",89.256591886886,4.5,77,97,21,60,21,22,46,0,46,6,51,59,77
4,Japan,0,16,9,300,341,27,99,2,90,23.045242057724,61.304746617748,"Extra Soft",89.722058753227,4.5,77,97,21,60,21,22,46,0,46,6,51,59,77
4,Japan,0,16,10,300,341,27,99,2,90,20.050268953027,57.00527401972,"Extra Soft",89.526525619568,4.5,77,97,21,60,21,22,46,0,46,6,51,59,77
4,Japan,0,17,1,300,341,27,99,2,90,47.005026895303,95.700527401972,"Extra Soft",91.6293238225,4.5,77,97,21,60,21,22,46,0,46,6,51,59,77
4,Japan,0,18,1,491,389,3,256,98,88,47.005026895303,95.700527401972,"Extra Soft",90.5556393225,4.5,77,97,21,60,21,22,46,0,46,6,51,59,77
4,Japan,0,19,1,473,392,13,54,27,58,47.005026895303,95.700527401972,"Extra Soft",88.2701393225,4.5,77,97,21,60,21,22,46,0,46,6,51,59,77
4,Japan,0,20,1,470,398,1,50,27,57,47.005026895303,95.700527401972,"Extra Soft",88.0556393225,4.5,77,97,21,60,21,22,46,0,46,6,51,59,77
4,Japan,0,21,1,470,398,1,50,27,57,47.005026895303,95.700527401972,"Extra Soft",88.4986393225,4.5,77,97,21,60,21,22,46,0,46,6,51,59,77
4,Japan,0,22,1,470,398,1,50,27,57,47.005026895303,95.700527401972,"Extra Soft",88.6376393225,4.5,77,97,21,60,21,22,46,0,46,6,51,59,77
4,Japan,0,22,2,470,398,1,50,27,57,44.010053790605,91.401054803944,"Extra Soft",87.980106188841,4.5,77,97,21,60,21,22,46,0,46,6,51,59,77
4,Japan,0,23,1,470,398,1,50,27,57,47.005026895303,95.700527401972,"Extra Soft",88.2796393225,4.5,77,97,21,60,21,22,46,0,46,6,51,59,77
4,Japan,0,23,2,470,398,1,50,27,57,44.010053790605,91.401054803944,"Extra Soft",87.828106188841,4.5,77,97,21,60,21,22,46,0,46,6,51,59,77
4,Japan,0,24,1,487,384,1,53,28,60,47.005026895303,95.700527401972,"Extra Soft",89.2986393225,4.5,77,97,21,60,21,22,46,0,46,6,51,59,77
4,Japan,0,25,1,498,398,6,51,29,60,47.005026895303,95.700527401972,"Extra Soft",88.2558893225,4.5,77,97,21,60,21,22,46,0,46,6,51,59,77
4,Japan,0,26,1,498,398,6,51,29,60,47.005026895303,95.700527401972,"Extra Soft",89.4328893225,4.5,77,97,21,60,21,22,46,0,46,6,51,59,77
4,Japan,0,27,1,498,398,6,51,29,60,47.005026895303,95.700527401972,"Extra Soft",89.8748893225,4.5,77,97,21,60,21,22,46,0,46,6,51,59,77
4,Japan,0,28,1,466,393,6,52,26,56,47.005026895303,95.700527401972,"Extra Soft",89.5821393225,4.5,77,97,21,60,21,22,46,0,46,6,51,59,77
4,Japan,0,29,1,466,393,6,52,26,56,47.005026895303,95.700527401972,"Extra Soft",88.1941393225,4.5,77,97,21,60,21,22,46,0,46,6,51,59,77
4,Japan,0,30,1,466,393,6,52,26,56,47.005026895303,95.700527401972,"Extra Soft",88.2811393225,4.5,77,97,21,60,21,22,46,0,46,6,51,59,77
4,Japan,0,31,1,466,393,6,52,26,56,47.005026895303,95.700527401972,"Extra Soft",88.4941393225,4.5,77,97,21,60,21,22,46,0,46,6,51,59,77
4,Japan,0,32,1,473,392,13,54,27,58,47.005026895303,95.700527401972,"Extra Soft",89.5861393225,4.5,77,97,21,60,21,22,46,0,46,6,51,59,77
4,Japan,0,33,1,473,392,13,54,27,58,47.005026895303,95.700527401972,"Extra Soft",88.2681393225,4.5,77,97,21,60,21,22,46,0,46,6,51,59,77
4,Japan,0,34,1,473,392,13,54,27,58,47.005026895303,95.700527401972,"Extra Soft",89.4211393225,4.5,77,97,21,60,21,22,46,0,46,6,51,59,77
4,Japan,0,35,1,473,392,13,54,27,58,47.005026895303,95.700527401972,"Extra Soft",88.9961393225,4.5,77,97,21,60,21,22,46,0,46,6,51,59,77
4,Japan,0,36,1,473,392,13,54,27,58,47.005026895303,95.700527401972,"Extra Soft",87.9751393225,4.5,77,97,21,60,21,22,46,0,46,6,51,59,77
4,Japan,0,37,1,430,383,7,58,26,59,47.005026895303,95.700527401972,"Extra Soft",88.4767628225,4.5,77,97,21,60,21,22,46,0,46,6,51,59,77
4,Japan,0,38,1,430,383,7,58,26,59,47.005026895303,95.700527401972,"Extra Soft",89.8177628225,4.5,77,97,21,60,21,22,46,0,46,6,51,59,77
4,Japan,0,39,1,430,383,7,58,26,59,47.005026895303,95.700527401972,"Extra Soft",90.0007628225,4.5,77,97,21,60,21,22,46,0,46,6,51,59,77
4,Japan,0,40,1,430,383,7,58,26,59,47.005026895303,95.700527401972,"Extra Soft",88.5487628225,4.5,77,97,21,60,21,22,46,0,46,6,51,59,77
4,Japan,0,41,1,469,392,23,52,23,56,47.005026895303,95.700527401972,"Extra Soft",88.5166393225,4.5,77,97,21,60,21,22,46,0,46,6,51,59,77
4,Japan,0,42,1,469,392,23,52,23,56,47.005026895303,95.700527401972,"Extra Soft",89.7536393225,4.5,77,97,21,60,21,22,46,0,46,6,51,59,77
4,Japan,0,43,1,428,396,4,48,30,68,47.005026895303,95.700527401972,"Extra Soft",88.5340128225,4.5,77,97,21,60,21,22,46,0,46,6,51,59,77
4,Japan,0,44,1,486,399,16,52,21,84,47.005026895303,95.700527401972,"Extra Soft",89.6148893225,4.5,77,97,21,60,21,22,46,0,46,6,51,59,77
4,Japan,0,45,1,486,399,16,52,21,84,47.005026895303,95.700527401972,"Extra Soft",88.3818893225,4.5,77,97,21,60,21,22,46,0,46,6,51,59,77
4,Japan,0,45,2,486,399,16,52,21,84,44.010053790605,91.401054803944,"Extra Soft",88.693356188841,4.5,77,97,21,60,21,22,46,0,46,6,51,59,77
4,Japan,0,45,3,486,399,16,52,21,84,41.015080685908,87.101582205916,"Extra Soft",88.863823055182,4.5,77,97,21,60,21,22,46,0,46,6,51,59,77
4,Japan,0,45,4,486,399,16,52,21,84,38.020107581211,82.802109607888,"Extra Soft",87.961289921523,4.5,77,97,21,60,21,22,46,0,46,6,51,59,77
4,Japan,0,45,5,486,399,16,52,21,84,35.025134476513,78.50263700986,"Extra Soft",88.342756787863,4.5,77,97,21,60,21,22,46,0,46,6,51,59,77
4,Japan,0,46,1,493,394,6,51,28,83,47.005026895303,95.700527401972,"Extra Soft",89.0311393225,4.5,77,97,21,60,21,22,46,0,46,6,51,59,77
4,Japan,0,47,1,493,394,6,51,28,83,47.005026895303,95.700527401972,"Extra Soft",88.4271393225,4.5,77,97,21,60,21,22,46,0,46,6,51,59,77
4,Japan,0,48,1,493,394,6,51,28,83,47.005026895303,95.700527401972,"Extra Soft",89.2511393225,4.5,77,97,21,60,21,22,46,0,46,6,51,59,77
4,Japan,0,49,1,428,396,4,48,30,68,47.005026895303,95.700527401972,"Extra Soft",90.0170128225,4.5,77,97,21,60,21,22,46,0,46,6,51,59,77
4,Japan,0,50,1,472,382,3,60,25,81,47.005026895303,95.700527401972,"Extra Soft",88.8746393225,4.5,77,97,21,60,21,22,46,0,46,6,51,59,77
4,Japan,0,51,1,469,393,1,55,29,66,47.005026895303,95.700527401972,"Extra Soft",89.7251393225,4.5,77,97,21,60,21,22,46,0,46,6,51,59,77
4,Japan,0,52,1,470,383,4,50,26,81,47.005026895303,95.700527401972,"Extra Soft",88.6213893225,4.5,77,97,21,60,21,22,46,0,46,6,51,59,77
4,Japan,0,53,1,463,393,1,53,27,111,47.005026895303,95.700527401972,"Extra Soft",89.5343893225,4.5,77,97,21,60,21,22,46,0,46,6,51,59,77
4,Japan,0,54,1,469,392,23,52,23,56,47.005026895303,95.700527401972,"Extra Soft",88.0586393225,4.5,77,97,21,60,21,22,46,0,46,6,51,59,77
4,Japan,0,55,1,469,392,23,52,23,56,47.005026895303,95.700527401972,"Extra Soft",88.9056393225,4.5,77,97,21,60,21,22,46,0,46,6,51,59,77
4,Japan,0,56,1,470,398,1,50,27,57,47.005026895303,95.700527401972,"Extra Soft",89.4566393225,4.5,77,97,21,60,21,22,46,0,46,6,51,59,77
4,Japan,0,57,1,470,398,1,50,27,57,47.005026895303,95.700527401972,"Extra Soft",88.9826393225,4.5,77,97,21,60,21,22,46,0,46,6,51,59,77
4,Japan,0,58,1,470,398,1,50,27,57,47.005026895303,95.700527401972,"Extra Soft",88.4566393225,4.5,77,97,21,60,21,22,46,0,46,6,51,59,77
5,"United States of America",1,0,1,95,66,39,85,3,175,10,100,"Extra Soft",82.22334885,4.3,30,5,57,43,60,30,85,28,90,65,84,92,78
5,"United States of America",0,1,1,95,66,39,85,3,180,47.516368536094,92.941113124079,"Extra Soft",85.24271885,4.3,30,5,57,43,60,30,85,28,90,65,84,92,78
5,"United States of America",0,1,2,95,66,39,85,3,180,45.032737072188,85.882226248159,"Extra Soft",84.859796459189,4.3,30,5,57,43,60,30,85,28,90,65,84,92,78
5,"United States of America",0,1,3,95,66,39,85,3,180,42.549105608282,78.823339372238,"Extra Soft",84.882874068377,4.3,30,5,57,43,60,30,85,28,90,65,84,92,78
5,"United States of America",0,1,4,95,66,39,85,3,180,40.065474144376,71.764452496318,"Extra Soft",85.036951677566,4.3,30,5,57,43,60,30,85,28,90,65,84,92,78
5,"United States of America",0,1,5,95,66,39,85,3,180,37.58184268047,64.705565620397,"Extra Soft",85.305029286755,4.3,30,5,57,43,60,30,85,28,90,65,84,92,78
5,"United States of America",0,1,6,95,66,39,85,3,180,35.098211216564,57.646678744477,"Extra Soft",84.692106895944,4.3,30,5,57,43,60,30,85,28,90,65,84,92,78
5,"United States of America",0,1,7,95,66,39,85,3,180,32.614579752658,50.587791868556,"Extra Soft",83.840184505132,4.3,30,5,57,43,60,30,85,28,90,65,84,92,78
5,"United States of America",0,1,8,95,66,39,85,3,180,30.130948288752,43.528904992636,"Extra Soft",84.871262114321,4.3,30,5,57,43,60,30,85,28,90,65,84,92,78
5,"United States of America",0,1,9,95,66,39,85,3,180,27.647316824846,36.470018116715,"Extra Soft",84.59233972351,4.3,30,5,57,43,60,30,85,28,90,65,84,92,78
5,"United States of America",0,1,10,95,66,39,85,3,180,25.16368536094,29.411131240795,"Extra Soft",84.042417332698,4.3,30,5,57,43,60,30,85,28,90,65,84,92,78
5,"United States of America",0,2,1,95,66,39,85,3,178,47.516368536094,92.941113124079,"Extra Soft",85.67781885,4.3,30,5,57,43,60,30,85,28,90,65,84,92,78
5,"United States of America",0,2,2,95,66,39,85,3,178,45.032737072188,85.882226248159,"Extra Soft",85.524896459189,4.3,30,5,57,43,60,30,85,28,90,65,84,92,78
5,"United States of America",0,2,3,95,66,39,85,3,178,42.549105608282,78.823339372238,"Extra Soft",84.718974068377,4.3,30,5,57,43,60,30,85,28,90,65,84,92,78
5,"United States of America",0,2,4,95,66,39,85,3,178,40.065474144376,71.764452496318,"Extra Soft",84.494051677566,4.3,30,5,57,43,60,30,85,28,90,65,84,92,78
5,"United States of America",0,2,5,95,66,39,85,3,178,37.58184268047,64.705565620397,"Extra Soft",85.126129286755,4.3,30,5,57,43,60,30,85,28,90,65,84,92,78
5,"United States of America",0,2,6,95,66,39,85,3,178,35.098211216564,57.646678744477,"Extra Soft",83.293206895944,4.3,30,5,57,43,60,30,85,28,90,65,84,92,78
5,"United States of America",0,2,7,95,66,39,85,3,178,32.614579752658,50.587791868556,"Extra Soft",85.032284505132,4.3,30,5,57,43,60,30,85,28,90,65,84,92,78
5,"United States of America",0,2,8,95,66,39,85,3,178,30.130948288752,43.528904992636,"Extra Soft",84.487362114321,4.3,30,5,57,43,60,30,85,28,90,65,84,92,78
5,"United States of America",0,2,9,95,66,39,85,3,178,27.647316824846,36.470018116715,"Extra Soft",82.82843972351,4.3,30,5,57,43,60,30,85,28,90,65,84,92,78
5,"United States of America",0,2,10,95,66,39,85,3,178,25.16368536094,29.411131240795,"Extra Soft",83.353517332698,4.3,30,5,57,43,60,30,85,28,90,65,84,92,78
5,"United States of America",0,3,1,95,66,39,85,3,175,47.516368536094,92.941113124079,"Extra Soft",85.53446885,4.3,30,5,57,43,60,30,85,28,90,65,84,92,78
5,"United States of America",0,3,2,95,66,39,85,3,175,45.032737072188,85.882226248159,"Extra Soft",84.416546459189,4.3,30,5,57,43,60,30,85,28,90,65,84,92,78
5,"United States of America",0,3,3,95,66,39,85,3,175,42.549105608282,78.823339372238,"Extra Soft",84.798624068377,4.3,30,5,57,43,60,30,85,28,90,65,84,92,78
5,"United States of America",0,3,4,95,66,39,85,3,175,40.065474144376,71.764452496318,"Extra Soft",83.998701677566,4.3,30,5,57,43,60,30,85,28,90,65,84,92,78
5,"United States of America",0,3,5,95,66,39,85,3,175,37.58184268047,64.705565620397,"Extra Soft",84.563779286755,4.3,30,5,57,43,60,30,85,28,90,65,84,92,78
5,"United States of America",0,3,6,95,66,39,85,3,175,35.098211216564,57.646678744477,"Extra Soft",84.270856895944,4.3,30,5,57,43,60,30,85,28,90,65,84,92,78
5,"United States of America",0,3,7,95,66,39,85,3,175,32.614579752658,50.587791868556,"Extra Soft",84.964934505132,4.3,30,5,57,43,60,30,85,28,90,65,84,92,78
5,"United States of America",0,3,8,95,66,39,85,3,175,30.130948288752,43.528904992636,"Extra Soft",84.775012114321,4.3,30,5,57,43,60,30,85,28,90,65,84,92,78
5,"United States of America",0,3,9,95,66,39,85,3,175,27.647316824846,36.470018116715,"Extra Soft",83.42908972351,4.3,30,5,57,43,60,30,85,28,90,65,84,92,78
5,"United States of America",0,3,10,95,66,39,85,3,175,25.16368536094,29.411131240795,"Extra Soft",82.618167332698,4.3,30,5,57,43,60,30,85,28,90,65,84,92,78
5,"United States of America",0,4,1,95,66,39,85,2,175,47.516368536094,92.941113124079,"Extra Soft",85.13491885,4.3,30,5,57,43,60,30,85,28,90,65,84,92,78
5,"United States of America",0,4,2,95,66,39,85,2,175,45.032737072188,85.882226248159,"Extra Soft",85.114996459189,4.3,30,5,57,43,60,30,85,28,90,65,84,92,78
5,"United States of America",0,4,3,95,66,39,85,2,175,42.549105608282,78.823339372238,"Extra Soft",85.346074068377,4.3,30,5,57,43,60,30,85,28,90,65,84,92,78
5,"United States of America",0,4,4,95,66,39,85,2,175,40.065474144376,71.764452496318,"Extra Soft",84.251151677566,4.3,30,5,57,43,60,30,85,28,90,65,84,92,78
5,"United States of America",0,4,5,95,66,39,85,2,175,37.58184268047,64.705565620397,"Extra Soft",84.019229286755,4.3,30,5,57,43,60,30,85,28,90,65,84,92,78
5,"United States of America",0,4,6,95,66,39,85,2,175,35.098211216564,57.646678744477,"Extra Soft",84.073306895944,4.3,30,5,57,43,60,30,85,28,90,65,84,92,78
5,"United States of America",0,4,7,95,66,39,85,2,175,32.614579752658,50.587791868556,"Extra Soft",83.310384505132,4.3,30,5,57,43,60,30,85,28,90,65,84,92,78
5,"United States of America",0,4,8,95,66,39,85,2,175,30.130948288752,43.528904992636,"Extra Soft",84.372462114321,4.3,30,5,57,43,60,30,85,28,90,65,84,92,78
5,"United States of America",0,4,9,95,66,39,85,2,175,27.647316824846,36.470018116715,"Extra Soft",84.58453972351,4.3,30,5,57,43,60,30,85,28,90,65,84,92,78
5,"United States of America",0,4,10,95,66,39,85,2,175,25.16368536094,29.411131240795,"Extra Soft",83.947617332698,4.3,30,5,57,43,60,30,85,28,90,65,84,92,78
5,"United States of America",0,5,1,95,66,39,85,3,175,47.516368536094,92.941113124079,"Extra Soft",85.53146885,4.3,30,5,57,43,60,30,85,28,90,65,84,92,78
5,"United States of America",0,5,2,95,66,39,85,3,175,45.032737072188,85.882226248159,"Extra Soft",85.099546459189,4.3,30,5,57,43,60,30,85,28,90,65,84,92,78
5,"United States of America",0,5,3,95,66,39,85,3,175,42.549105608282,78.823339372238,"Extra Soft",85.336624068377,4.3,30,5,57,43,60,30,85,28,90,65,84,92,78
5,"United States of America",0,5,4,95,66,39,85,3,175,40.065474144376,71.764452496318,"Extra Soft",83.664701677566,4.3,30,5,57,43,60,30,85,28,90,65,84,92,78
5,"United States of America",0,5,5,95,66,39,85,3,175,37.58184268047,64.705565620397,"Extra Soft",83.443779286755,4.3,30,5,57,43,60,30,85,28,90,65,84,92,78
5,"United States of America",0,5,6,95,66,39,85,3,175,35.098211216564,57.646678744477,"Extra Soft",83.960856895944,4.3,30,5,57,43,60,30,85,28,90,65,84,92,78
5,"United States of America",0,5,7,95,66,39,85,3,175,32.614579752658,50.587791868556,"Extra Soft",84.993934505132,4.3,30,5,57,43,60,30,85,28,90,65,84,92,78
5,"United States of America",0,5,8,95,66,39,85,3,175,30.130948288752,43.528904992636,"Extra Soft",83.211012114321,4.3,30,5,57,43,60,30,85,28,90,65,84,92,78
5,"United States of America",0,5,9,95,66,39,85,3,175,27.647316824846,36.470018116715,"Extra Soft",82.98608972351,4.3,30,5,57,43,60,30,85,28,90,65,84,92,78
5,"United States of America",0,5,10,95,66,39,85,3,175,25.16368536094,29.411131240795,"Extra Soft",83.578167332698,4.3,30,5,57,43,60,30,85,28,90,65,84,92,78
5,"United States of America",0,6,1,95,66,39,85,3,180,47.516368536094,92.941113124079,"Extra Soft",85.92471885,4.3,30,5,57,43,60,30,85,28,90,65,84,92,78
5,"United States of America",0,6,2,95,66,39,85,3,180,45.032737072188,85.882226248159,"Extra Soft",85.288796459189,4.3,30,5,57,43,60,30,85,28,90,65,84,92,78
5,"United States of America",0,6,3,95,66,39,85,3,180,42.549105608282,78.823339372238,"Extra Soft",84.731874068377,4.3,30,5,57,43,60,30,85,28,90,65,84,92,78
5,"United States of America",0,6,4,95,66,39,85,3,180,40.065474144376,71.764452496318,"Extra Soft",85.503951677566,4.3,30,5,57,43,60,30,85,28,90,65,84,92,78
5,"United States of America",0,6,5,95,66,39,85,3,180,37.58184268047,64.705565620397,"Extra Soft",84.620029286755,4.3,30,5,57,43,60,30,85,28,90,65,84,92,78
5,"United States of America",0,6,6,95,66,39,85,3,180,35.098211216564,57.646678744477,"Extra Soft",85.042106895944,4.3,30,5,57,43,60,30,85,28,90,65,84,92,78
5,"United States of America",0,6,7,95,66,39,85,3,180,32.614579752658,50.587791868556,"Extra Soft",84.108184505132,4.3,30,5,57,43,60,30,85,28,90,65,84,92,78
5,"United States of America",0,6,8,95,66,39,85,3,180,30.130948288752,43.528904992636,"Extra Soft",83.460262114321,4.3,30,5,57,43,60,30,85,28,90,65,84,92,78
5,"United States of America",0,6,9,95,66,39,85,3,180,27.647316824846,36.470018116715,"Extra Soft",82.97633972351,4.3,30,5,57,43,60,30,85,28,90,65,84,92,78
5,"United States of America",0,6,10,95,66,39,85,3,180,25.16368536094,29.411131240795,"Extra Soft",82.871417332698,4.3,30,5,57,43,60,30,85,28,90,65,84,92,78
5,"United States of America",0,7,1,95,66,39,85,3,175,47.516368536094,92.941113124079,"Extra Soft",84.79946885,4.3,30,5,57,43,60,30,85,28,90,65,84,92,78
5,"United States of America",0,7,2,95,66,39,85,3,175,45.032737072188,85.882226248159,"Extra Soft",85.286546459189,4.3,30,5,57,43,60,30,85,28,90,65,84,92,78
5,"United States of America",0,7,3,95,66,39,85,3,175,42.549105608282,78.823339372238,"Extra Soft",85.167624068377,4.3,30,5,57,43,60,30,85,28,90,65,84,92,78
5,"United States of America",0,7,4,95,66,39,85,3,175,40.065474144376,71.764452496318,"Extra Soft",85.484701677566,4.3,30,5,57,43,60,30,85,28,90,65,84,92,78
5,"United States of America",0,7,5,95,66,39,85,3,175,37.58184268047,64.705565620397,"Extra Soft",83.436779286755,4.3,30,5,57,43,60,30,85,28,90,65,84,92,78
5,"United States of America",0,7,6,95,66,39,85,3,175,35.098211216564,57.646678744477,"Extra Soft",83.716856895944,4.3,30,5,57,43,60,30,85,28,90,65,84,92,78
5,"United States of America",0,7,7,95,66,39,85,3,175,32.614579752658,50.587791868556,"Extra Soft",85.015934505132,4.3,30,5,57,43,60,30,85,28,90,65,84,92,78
5,"United States of America",0,7,8,95,66,39,85,3,175,30.130948288752,43.528904992636,"Extra Soft",82.890012114321,4.3,30,5,57,43,60,30,85,28,90,65,84,92,78
5,"United States of America",0,7,9,95,66,39,85,3,175,27.647316824846,36.470018116715,"Extra Soft",83.15008972351,4.3,30,5,57,43,60,30,85,28,90,65,84,92,78
5,"United States of America",0,7,10,95,66,39,85,3,175,25.16368536094,29.411131240795,"Extra Soft",84.324167332698,4.3,30,5,57,43,60,30,85,28,90,65,84,92,78
5,"United States of America",0,8,1,95,66,39,85,3,178,47.516368536094,92.941113124079,"Extra Soft",85.05081885,4.3,30,5,57,43,60,30,85,28,90,65,84,92,78
5,"United States of America",0,8,2,95,66,39,85,3,178,45.032737072188,85.882226248159,"Extra Soft",84.909896459189,4.3,30,5,57,43,60,30,85,28,90,65,84,92,78
5,"United States of America",0,8,3,95,66,39,85,3,178,42.549105608282,78.823339372238,"Extra Soft",85.706974068377,4.3,30,5,57,43,60,30,85,28,90,65,84,92,78
5,"United States of America",0,8,4,95,66,39,85,3,178,40.065474144376,71.764452496318,"Extra Soft",85.006051677566,4.3,30,5,57,43,60,30,85,28,90,65,84,92,78
5,"United States of America",0,8,5,95,66,39,85,3,178,37.58184268047,64.705565620397,"Extra Soft",84.157129286755,4.3,30,5,57,43,60,30,85,28,90,65,84,92,78
5,"United States of America",0,8,6,95,66,39,85,3,178,35.098211216564,57.646678744477,"Extra Soft",83.660206895944,4.3,30,5,57,43,60,30,85,28,90,65,84,92,78
5,"United States of America",0,8,7,95,66,39,85,3,178,32.614579752658,50.587791868556,"Extra Soft",84.346284505132,4.3,30,5,57,43,60,30,85,28,90,65,84,92,78
5,"United States of America",0,8,8,95,66,39,85,3,178,30.130948288752,43.528904992636,"Extra Soft",84.452362114321,4.3,30,5,57,43,60,30,85,28,90,65,84,92,78
5,"United States of America",0,8,9,95,66,39,85,3,178,27.647316824846,36.470018116715,"Extra Soft",84.31343972351,4.3,30,5,57,43,60,30,85,28,90,65,84,92,78
5,"United States of America",0,8,10,95,66,39,85,3,178,25.16368536094,29.411131240795,"Extra Soft",84.239517332698,4.3,30,5,57,43,60,30,85,28,90,65,84,92,78
6,Italy,1,0,1,132,27,11,33,10,111,10,100,"Extra Soft",69.5281448525,3.7,7,50,28,91,98,31,44,24,9,91,18,61,65
6,Italy,0,1,1,107,62,116,33,48,83,48.188902942698,94.613731781312,"Extra Soft",72.9517748525,3.7,7,50,28,91,98,31,44,24,9,91,18,61,65
6,Italy,0,2,1,94,52,94,38,50,113,48.188902942698,94.613731781312,"Extra Soft",73.9646748525,3.7,7,50,28,91,98,31,44,24,9,91,18,61,65
6,Italy,0,3,1,94,52,94,38,50,113,48.188902942698,94.613731781312,"Extra Soft",73.6096748525,3.7,7,50,28,91,98,31,44,24,9,91,18,61,65
6,Italy,0,4,1,112,60,68,40,51,134,48.188902942698,94.613731781312,"Extra Soft",72.5890748525,3.7,7,50,28,91,98,31,44,24,9,91,18,61,65
6,Italy,0,5,1,112,60,68,40,51,134,48.188902942698,94.613731781312,"Extra Soft",72.2030748525,3.7,7,50,28,91,98,31,44,24,9,91,18,61,65
6,Italy,0,6,1,112,60,68,40,51,134,48.188902942698,94.613731781312,"Extra Soft",73.8550748525,3.7,7,50,28,91,98,31,44,24,9,91,18,61,65
6,Italy,0,7,1,112,60,68,40,51,134,48.188902942698,94.613731781312,"Extra Soft",73.9700748525,3.7,7,50,28,91,98,31,44,24,9,91,18,61,65
6,Italy,0,8,1,92,64,83,34,64,133,48.188902942698,94.613731781312,"Extra Soft",72.5708248525,3.7,7,50,28,91,98,31,44,24,9,91,18,61,65
6,Italy,0,9,1,92,64,83,34,64,133,48.188902942698,94.613731781312,"Extra Soft",72.5868248525,3.7,7,50,28,91,98,31,44,24,9,91,18,61,65
6,Italy,0,10,1,92,64,83,34,64,133,48.188902942698,94.613731781312,"Extra Soft",74.0598248525,3.7,7,50,28,91,98,31,44,24,9,91,18,61,65
6,Italy,0,11,1,128,49,157,73,55,138,48.188902942698,94.613731781312,"Extra Soft",72.9637248525,3.7,7,50,28,91,98,31,44,24,9,91,18,61,65
6,Italy,0,12,1,128,49,157,73,55,138,48.188902942698,94.613731781312,"Extra Soft",73.4077248525,3.7,7,50,28,91,98,31,44,24,9,91,18,61,65
6,Italy,0,13,1,10,66,2,34,2,145,48.188902942698,94.613731781312,"Extra Soft",73.8217028525,3.7,7,50,28,91,98,31,44,24,9,91,18,61,65
6,Italy,0,14,1,107,65,157,43,50,162,48.188902942698,94.613731781312,"Extra Soft",74.6330248525,3.7,7,50,28,91,98,31,44,24,9,91,18,61,65
6,Italy,0,15,1,54,56,86,50,45,134,48.188902942698,94.613731781312,"Extra Soft",72.7968748525,3.7,7,50,28,91,98,31,44,24,9,91,18,61,65
6,Italy,0,16,1,54,56,86,50,45,134,48.188902942698,94.613731781312,"Extra Soft",73.8838748525,3.7,7,50,28,91,98,31,44,24,9,91,18,61,65
6,Italy,0,17,1,42,41,98,55,31,184,48.188902942698,94.613731781312,"Extra Soft",74.4863748525,3.7,7,50,28,91,98,31,44,24,9,91,18,61,65
6,Italy,0,18,1,42,41,98,55,31,184,48.188902942698,94.613731781312,"Extra Soft",73.6683748525,3.7,7,50,28,91,98,31,44,24,9,91,18,61,65
6,Italy,0,19,1,8,44,2,50,3,251,48.188902942698,94.613731781312,"Extra Soft",74.1472528525,3.7,7,50,28,91,98,31,44,24,9,91,18,61,65
6,Italy,0,20,1,130,27,11,33,14,111,48.188902942698,94.613731781312,"Extra Soft",71.9478248525,3.7,7,50,28,91,98,31,44,24,9,91,18,61,65
6,Italy,0,21,1,130,27,11,33,14,111,48.188902942698,94.613731781312,"Extra Soft",72.5428248525,3.7,7,50,28,91,98,31,44,24,9,91,18,61,65
6,Italy,0,22,1,130,27,11,33,14,111,48.188902942698,94.613731781312,"Extra Soft",71.2978248525,3.7,7,50,28,91,98,31,44,24,9,91,18,61,65
6,Italy,0,23,1,68,2,3,11,5,108,48.188902942698,94.613731781312,"Extra Soft",72.0693994475,3.7,7,50,28,91,98,31,44,24,9,91,18,61,65
6,Italy,0,24,1,68,2,3,11,5,108,48.188902942698,94.613731781312,"Extra Soft",73.1503994475,3.7,7,50,28,91,98,31,44,24,9,91,18,61,65
6,Italy,0,25,1,144,57,66,33,21,111,48.188902942698,94.613731781312,"Extra Soft",72.5147248525,3.7,7,50,28,91,98,31,44,24,9,91,18,61,65
6,Italy,0,26,1,62,36,82,53,22,113,48.188902942698,94.613731781312,"Extra Soft",72.8747248525,3.7,7,50,28,91,98,31,44,24,9,91,18,61,65
6,Italy,0,27,1,225,74,2,13,2,128,48.188902942698,94.613731781312,"Extra Soft",73.5417521525,3.7,7,50,28,91,98,31,44,24,9,91,18,61,65
6,Italy,0,28,1,382,1,16,8,3,112,48.188902942698,94.613731781312,"Extra Soft",73.2035487475,3.7,7,50,28,91,98,31,44,24,9,91,18,61,65
6,Italy,0,29,1,382,1,16,8,3,112,48.188902942698,94.613731781312,"Extra Soft",73.9785487475,3.7,7,50,28,91,98,31,44,24,9,91,18,61,65
6,Italy,0,30,1,58,73,64,35,21,99,48.188902942698,94.613731781312,"Extra Soft",73.3192248525,3.7,7,50,28,91,98,31,44,24,9,91,18,61,65
6,Italy,0,31,1,130,27,28,33,14,111,48.188902942698,94.613731781312,"Extra Soft",71.4961748525,3.7,7,50,28,91,98,31,44,24,9,91,18,61,65
6,Italy,0,32,1,130,27,38,33,14,111,48.188902942698,94.613731781312,"Extra Soft",71.7336748525,3.7,7,50,28,91,98,31,44,24,9,91,18,61,65
6,Italy,0,33,1,130,27,18,33,14,111,48.188902942698,94.613731781312,"Extra Soft",72.6026748525,3.7,7,50,28,91,98,31,44,24,9,91,18,61,65
6,Italy,0,34,1,71,108,2,59,3,249,48.188902942698,94.613731781312,"Extra Soft",74.6476528525,3.7,7,50,28,91,98,31,44,24,9,91,18,61,65
6,Italy,0,35,1,156,26,64,31,18,111,48.188902942698,94.613731781312,"Extra Soft",72.3391241525,3.7,7,50,28,91,98,31,44,24,9,91,18,61,65
6,Italy,0,36,1,156,26,64,31,18,111,48.188902942698,94.613731781312,"Extra Soft",72.7191241525,3.7,7,50,28,91,98,31,44,24,9,91,18,61,65
6,Italy,0,37,1,135,27,30,32,22,111,48.188902942698,94.613731781312,"Extra Soft",71.2393748525,3.7,7,50,28,91,98,31,44,24,9,91,18,61,65
6,Italy,0,38,1,135,27,30,32,22,111,48.188902942698,94.613731781312,"Extra Soft",72.7363748525,3.7,7,50,28,91,98,31,44,24,9,91,18,61,65
6,Italy,0,39,1,130,28,25,32,22,115,48.188902942698,94.613731781312,"Extra Soft",72.9691248525,3.7,7,50,28,91,98,31,44,24,9,91,18,61,65
6,Italy,0,40,1,94,76,5,77,339,114,48.188902942698,94.613731781312,"Extra Soft",75.3118748525,3.7,7,50,28,91,98,31,44,24,9,91,18,61,65
6,Italy,0,41,1,109,29,6,33,11,114,48.188902942698,94.613731781312,"Extra Soft",73.0127248525,3.7,7,50,28,91,98,31,44,24,9,91,18,61,65
6,Italy,0,42,1,130,27,11,33,14,111,48.188902942698,96.832793766938,Soft,72.2493248525,3.7,7,50,28,91,98,31,44,24,9,91,18,61,65
6,Italy,0,43,1,135,27,40,33,22,111,48.188902942698,94.613731781312,"Extra Soft",72.7504248525,3.7,7,50,28,91,98,31,44,24,9,91,18,61,65
6,Italy,0,44,1,130,27,40,33,22,111,48.188902942698,94.613731781312,"Extra Soft",72.8301748525,3.7,7,50,28,91,98,31,44,24,9,91,18,61,65
6,Italy,0,45,1,130,27,30,32,22,111,48.188902942698,94.613731781312,"Extra Soft",73.1361248525,3.7,7,50,28,91,98,31,44,24,9,91,18,61,65
6,Italy,0,46,1,135,27,30,32,22,116,48.188902942698,94.613731781312,"Extra Soft",71.4011248525,3.7,7,50,28,91,98,31,44,24,9,91,18,61,65
6,Italy,0,47,1,135,27,30,37,22,116,48.188902942698,94.613731781312,"Extra Soft",71.7358748525,3.7,7,50,28,91,98,31,44,24,9,91,18,61,65
6,Italy,0,48,1,135,27,35,37,22,116,48.188902942698,94.613731781312,"Extra Soft",72.8116248525,3.7,7,50,28,91,98,31,44,24,9,91,18,61,65
6,Italy,0,49,1,135,27,35,32,22,111,48.188902942698,94.613731781312,"Extra Soft",72.3111248525,3.7,7,50,28,91,98,31,44,24,9,91,18,61,65
6,Italy,0,50,1,135,27,30,32,22,121,48.188902942698,94.613731781312,"Extra Soft",72.7268748525,3.7,7,50,28,91,98,31,44,24,9,91,18,61,65
6,Italy,0,51,1,135,27,30,32,27,111,48.188902942698,94.613731781312,"Extra Soft",72.7861248525,3.7,7,50,28,91,98,31,44,24,9,91,18,61,65
6,Italy,0,52,1,135,27,39,32,22,111,48.188902942698,94.613731781312,"Extra Soft",71.6023248525,3.7,7,50,28,91,98,31,44,24,9,91,18,61,65
6,Italy,0,53,1,135,27,18,32,22,111,48.188902942698,94.613731781312,"Extra Soft",72.5267748525,3.7,7,50,28,91,98,31,44,24,9,91,18,61,65
6,Italy,0,54,1,416,332,4,298,19,181,48.188902942698,94.613731781312,"Extra Soft",77.1333241525,3.7,7,50,28,91,98,31,44,24,9,91,18,61,65
6,Italy,0,55,1,135,27,35,32,22,111,48.188902942698,94.613731781312,"Extra Soft",72.1971248525,3.7,7,50,28,91,98,31,44,24,9,91,18,61,65
6,Italy,0,56,1,135,27,31,32,22,111,48.188902942698,94.613731781312,"Extra Soft",72.6139248525,3.7,7,50,28,91,98,31,44,24,9,91,18,61,65
6,Italy,0,57,1,135,27,28,32,22,111,48.188902942698,94.613731781312,"Extra Soft",72.6892748525,3.7,7,50,28,91,98,31,44,24,9,91,18,61,65
6,Italy,0,58,1,130,27,11,33,22,111,48.188902942698,94.613731781312,"Extra Soft",73.1582248525,3.7,7,50,28,91,98,31,44,24,9,91,18,61,65
6,Italy,0,59,1,130,27,11,33,10,111,48.188902942698,94.613731781312,"Extra Soft",71.2946248525,3.7,7,50,28,91,98,31,44,24,9,91,18,61,65
6,Italy,0,60,1,130,27,11,33,8,111,48.188902942698,94.613731781312,"Extra Soft",72.6025248525,3.7,7,50,28,91,98,31,44,24,9,91,18,61,65
6,Italy,0,61,1,135,27,11,33,10,111,48.188902942698,94.613731781312,"Extra Soft",72.8958748525,3.7,7,50,28,91,98,31,44,24,9,91,18,61,65
6,Italy,0,62,1,125,27,11,33,10,111,48.188902942698,94.613731781312,"Extra Soft",71.3823748525,3.7,7,50,28,91,98,31,44,24,9,91,18,61,65
6,Italy,0,63,1,132,27,11,33,10,111,48.188902942698,94.613731781312,"Extra Soft",71.1735248525,3.7,7,50,28,91,98,31,44,24,9,91,18,61,65
6,Italy,0,64,1,133,27,11,33,10,111,48.188902942698,94.613731781312,"Extra Soft",72.2029748525,3.7,7,50,28,91,98,31,44,24,9,91,18,61,65
6,Italy,0,65,1,131,27,11,33,10,111,48.188902942698,94.613731781312,"Extra Soft",72.7670748525,3.7,7,50,28,91,98,31,44,24,9,91,18,61,65
6,Italy,0,66,1,132,27,12,33,10,111,48.188902942698,94.613731781312,"Extra Soft",72.9770748525,3.7,7,50,28,91,98,31,44,24,9,91,18,61,65
6,Italy,0,67,1,132,27,10,33,10,111,48.188902942698,94.613731781312,"Extra Soft",71.7699748525,3.7,7,50,28,91,98,31,44,24,9,91,18,61,65
6,Italy,0,68,1,132,27,9,33,10,111,48.188902942698,94.613731781312,"Extra Soft",72.2574248525,3.7,7,50,28,91,98,31,44,24,9,91,18,61,65
6,Italy,0,69,1,132,27,11,32,10,111,48.188902942698,94.613731781312,"Extra Soft",72.4429748525,3.7,7,50,28,91,98,31,44,24,9,91,18,61,65
6,Italy,0,70,1,132,28,11,33,10,111,48.188902942698,94.613731781312,"Extra Soft",72.3870748525,3.7,7,50,28,91,98,31,44,24,9,91,18,61,65
6,Italy,0,71,1,132,25,11,33,10,111,48.188902942698,94.613731781312,"Extra Soft",71.6164248525,3.7,7,50,28,91,98,31,44,24,9,91,18,61,65
6,Italy,0,72,1,132,27,11,33,10,108,48.188902942698,94.613731781312,"Extra Soft",72.9128748525,3.7,7,50,28,91,98,31,44,24,9,91,18,61,65
6,Italy,0,73,1,132,27,11,33,10,113,48.188902942698,94.613731781312,"Extra Soft",72.2646248525,3.7,7,50,28,91,98,31,44,24,9,91,18,61,65
6,Italy,0,74,1,132,27,11,35,10,111,48.188902942698,94.613731781312,"Extra Soft",72.6756248525,3.7,7,50,28,91,98,31,44,24,9,91,18,61,65
6,Italy,0,75,1,132,27,11,33,11,111,48.188902942698,94.613731781312,"Extra Soft",72.9250748525,3.7,7,50,28,91,98,31,44,24,9,91,18,61,65
6,Italy,0,76,1,132,27,30,33,10,111,48.188902942698,94.613731781312,"Extra Soft",72.6569748525,3.7,7,50,28,91,98,31,44,24,9,91,18,61,65
6,Italy,0,77,1,132,27,11,33,22,111,48.188902942698,94.613731781312,"Extra Soft",72.2241248525,3.7,7,50,28,91,98,31,44,24,9,91,18,61,65
6,Italy,0,78,1,132,27,11,33,9,111,48.188902942698,94.613731781312,"Extra Soft",71.3759748525,3.7,7,50,28,91,98,31,44,24,9,91,18,61,65
6,Italy,0,79,1,132,27,11,33,8,111,48.188902942698,94.613731781312,"Extra Soft",72.5644248525,3.7,7,50,28,91,98,31,44,24,9,91,18,61,65
6,Italy,0,80,1,132,27,11,33,7,111,48.188902942698,94.613731781312,"Extra Soft",72.3438748525,3.7,7,50,28,91,98,31,44,24,9,91,18,61,65
